time,latitude,longitude,depth,mag,magType,nst,gap,dmin,rms,net,id,updated,place,type,horizontalError,depthError,magError,magNst,status,locationSource,magSource
2025-06-29T02:37:58.310Z,37.316,-117.920666666667,11.6,4.54,mw,65,69,0.3013,0.1,nc,nc75202001,2025-09-21T02:48:11.884Z,"8 km SSE of Deep Springs, CA",earthquake,0.23,0.57,,12,reviewed,nc,nc
2025-01-02T02:34:04.660Z,38.8455,-122.756333333333,1.42,4.65,mw,115,44,0.009316,0.08,nc,nc75111126,2025-09-18T02:44:14.228Z,"4 km NW of Cobb, CA",earthquake,0.09,0.15,,21,reviewed,nc,nc
2024-12-09T23:08:31.577Z,39.1675,-119.0238,9.3,5.7,mw,32,41.37,0.248,0.1163,nn,nn00888580,2025-09-15T23:18:38.583Z,"2024 Parker Butte, Nevada Earthquake",earthquake,,2.4,,,reviewed,nn,nn
2024-10-25T15:04:23.620Z,36.5508333,-117.056,4.58,4.54,ml,34,147,0.5094,0.16,ci,ci40964384,2025-01-04T23:08:10.040Z,"10 km SE of Stovepipe Wells, CA",earthquake,0.26,31.61,0.109,15,reviewed,ci,ci
2024-10-25T08:05:08.290Z,36.6016667,-117.0911667,3.98,4.72,mw,35,146,0.3829,0.17,ci,ci40964128,2025-09-19T08:15:13.808Z,"5 km E of Stovepipe Wells, CA",earthquake,0.31,31.61,,6,reviewed,ci,ci
2024-09-12T14:28:21.610Z,34.0565,-118.8126667,11.35,4.69,mw,145,101,0.03238,0.29,ci,ci40731623,2025-09-12T14:38:33.909Z,"6 km N of Malibu, CA",earthquake,0.23,0.34,,6,reviewed,ci,ci
2024-08-07T04:10:44.540Z,35.1088333,-119.115,11.98,4.6,ml,49,50,0.05627,0.24,ci,ci40865192,2025-03-09T20:53:50.153Z,"25 km SW of Lamont, CA",earthquake,0.22,0.79,0.118,30,reviewed,ci,ci
2024-08-07T04:09:56.760Z,35.109,-119.097,11.6,5.22,mw,101,21,0.05144,0.26,ci,ci40865184,2025-08-07T04:20:12.594Z,"24 km SW of Lamont, CA",earthquake,0.19,0.78,,6,reviewed,ci,ci
2024-07-29T20:00:52.590Z,34.9503333,-116.7866667,7.26,4.87,mw,53,57,0.1883,0.16,ci,ci40675215,2025-07-29T20:11:05.300Z,"22 km ENE of Barstow, CA",earthquake,0.14,0.72,,6,reviewed,ci,ci
2024-02-09T21:47:27.320Z,34.0575,-118.9076667,15.28,4.61,mw,139,120,0.0536,0.28,ci,ci40664632,2024-10-21T23:37:02.078Z,"11 km WNW of Malibu, CA",earthquake,0.23,0.28,,6,reviewed,ci,ci
2023-09-19T04:13:10.380Z,37.4381667,-121.2958333,3.51,4.53,mw,174,91,0.05369,0.18,nc,nc73938736,2024-09-29T14:32:09.477Z,"15 km SW of Westley, CA",earthquake,0.17,0.5,,5,reviewed,nc,nc
2023-08-20T21:41:00.970Z,34.4085,-119.1883333,4.84,5.08,mw,115,27,0.05069,0.35,ci,ci39645386,2025-08-05T17:45:16.711Z,"7 km SE of Ojai, CA",earthquake,0.25,0.69,,6,reviewed,ci,ci
2023-07-19T07:34:23.821Z,39.5107,-116.5364,3.7,4.5,mw,8,46.24,0.842,0.4058,nn,nn00862970,2023-09-28T21:33:47.040Z,"45 km E of Austin, Nevada",earthquake,,9.7,,,reviewed,nn,nn
2023-05-12T10:18:41.310Z,40.196,-121.0998333,6.06,5.16,mw,49,37,0.06232,0.19,nc,nc73887046,2023-07-22T19:17:00.040Z,"4km NW of Canyondam, CA",earthquake,0.29,0.66,,4,reviewed,nc,nc
2023-05-11T23:19:41.990Z,40.2041667,-121.1095,5.85,5.48,mw,54,46,0.05144,0.16,nc,nc73886731,2025-04-26T15:42:17.941Z,"Lake Almanor Earthquake",earthquake,0.26,0.56,,4,reviewed,nc,nc
2022-10-25T18:42:02.710Z,37.3115,-121.672,8.38,5.06,mw,199,28,0.03815,0.1,nc,nc73799091,2025-03-29T18:11:24.757Z,"15km ESE of Alum Rock, CA",earthquake,0.08,0.18,,3,reviewed,nc,nc
2022-07-15T01:19:07.000Z,35.7091667,-117.5843333,6.3,4.58,mw,60,43,0.08708,0.19,ci,ci40063391,2022-12-06T04:12:22.000Z,"13km NE of Ridgecrest, CA",earthquake,0.13,0.47,,6,reviewed,ci,ci
2022-02-15T21:16:24.065Z,38.1814,-117.7833,4.1,4.7,ml,23,33.3,0.12,0.132,nn,nn00833903,2022-04-30T14:18:16.040Z,"36 km SE of Mina, Nevada",earthquake,,3.5,0.14,7,reviewed,nn,nn
2022-01-06T00:28:07.010Z,37.3338333,-117.9023333,9.5,4.75,mw,65,70,0.3206,0.1,nc,nc73674211,2022-03-12T22:19:11.040Z,"8km ESE of Deep Springs, CA",earthquake,0.22,0.57,,4,reviewed,nc,nc
2021-10-25T23:42:35.860Z,35.7758333,-121.3043333,7.79,4.65,mw,67,172,0.2092,0.07,nc,nc73644630,2022-01-08T17:42:33.040Z,"18km NW of San Simeon, CA",earthquake,0.28,1.25,,4,reviewed,nc,nc
2021-07-09T01:46:00.400Z,38.5086667,-119.5343333,3.71,4.55,mw,48,88,0.07555,0.1,nc,nc73585291,2021-09-17T22:48:30.040Z,"30km SE of Markleeville, CA",earthquake,0.17,0.38,,5,reviewed,nc,nc
2021-07-08T23:33:40.900Z,38.4796667,-119.5448333,1.58,4.63,mw,38,77,0.08722,0.08,nc,nc73585021,2021-09-10T20:06:58.040Z,"29km ENE of Dardanelle, CA",earthquake,0.12,0.53,,6,reviewed,nc,nc
2021-07-08T22:50:14.370Z,38.5126667,-119.5021667,7.4,5.03,ml,6,124,0.05088,0.07,nc,nc71123379,2025-07-12T08:37:58.962Z,"32km SE of Markleeville, CA",earthquake,0.42,0.56,0.086,3,reviewed,nc,nc
2021-07-08T22:49:48.110Z,38.5075,-119.4998333,7.45,6,mw,42,100,0.04846,0.06,nc,nc73584926,2024-09-12T23:53:40.423Z,"Antelope Valley, CA",earthquake,0.14,0.25,,0,reviewed,nc,nc
2021-05-07T04:35:14.150Z,39.461,-120.3145,10.12,4.65,mw,19,50,0.03461,0.09,nc,nc73559265,2023-06-18T05:39:57.092Z,"19km NW of Truckee, CA",earthquake,0.24,0.54,,3,reviewed,nc,nc
2020-12-14T21:20:10.831Z,38.1554,-118.1231,5.2,4.7,ml,33,42.76,0.056,0.1432,nn,nn00792158,2022-06-16T17:57:12.563Z,"26 km S of Mina, Nevada",earthquake,,1.8,0.51,12,reviewed,nn,nn
2020-12-12T07:50:52.930Z,38.1497,-118.1008,6.4,4.9,ml,30,43.01,0.04,0.1745,nn,nn00791435,2021-02-20T16:11:27.040Z,"26 km S of Mina, Nevada",earthquake,,1.1,0.2,13,reviewed,nn,nn
2020-12-03T05:15:29.993Z,38.175,-118.0654,5,4.9,ml,30,41.69,0.018,0.1367,nn,nn00788443,2021-02-12T22:38:31.040Z,"24 km S of Mina, Nevada",earthquake,,0.8,0.25,13,reviewed,nn,nn
2020-12-01T23:32:56.573Z,38.1637,-118.0837,5,5.1,ml,21,42.28,0.025,0.1986,nn,nn00787105,2021-02-06T18:29:35.040Z,"25 km S of Mina, Nevada",earthquake,,2.5,0.25,11,reviewed,nn,nn
2020-11-13T09:13:51.862Z,38.1693,-117.8533,4.8,5.3,ml,34,38.45,0.016,0.1165,nn,nn00782942,2021-04-27T07:04:53.937Z,"33 km SE of Mina, Nevada",earthquake,,0.6,0.23,13,reviewed,nn,nn
2020-09-19T06:38:46.930Z,34.038,-118.08,16.87,4.54,mw,236,16,0.01273,0.25,ci,ci38695658,2025-01-27T10:24:44.164Z,"3km WSW of South El Monte, CA",earthquake,0.11,0.22,,6,reviewed,ci,ci
2020-08-19T17:32:11.070Z,36.4786667,-117.5141667,-0.57,4.72,mw,53,48,0.2161,0.17,ci,ci39584648,2020-10-31T19:06:08.040Z,"36km WSW of Stovepipe Wells, CA",earthquake,0.15,0.45,,6,reviewed,ci,ci
2020-07-06T06:12:54.847Z,38.1856,-117.8907,5.6,4.5,ml,30,48.55,0.028,0.157,nn,nn00757297,2020-09-11T22:14:19.040Z,"29 km SE of Mina, Nevada",earthquake,,0.7,0.33,10,reviewed,nn,nn
2020-06-30T09:24:23.549Z,38.1539,-117.9583,8.3,5,ml,28,44.32,0.015,0.2511,nn,nn00755218,2020-09-05T17:35:36.040Z,"29 km SSE of Mina, Nevada",earthquake,,0.9,0.28,7,reviewed,nn,nn
2020-06-24T17:59:19.960Z,36.456,-117.9311667,9.62,4.59,mw,44,62,0.1212,0.19,ci,ci39494008,2020-09-05T17:35:16.040Z,"19km SE of Lone Pine, CA",earthquake,0.2,0.44,,6,reviewed,ci,ci
2020-06-24T17:40:49.240Z,36.4468333,-117.9751667,4.66,5.8,mw,48,67,0.08494,0.19,ci,ci39493944,2024-04-11T05:23:04.532Z,"18km SSE of Lone Pine, CA",earthquake,0.18,0.66,,6,reviewed,ci,ci
2020-06-23T00:25:46.390Z,36.4466667,-117.984,2.26,4.65,mw,51,74,0.07783,0.22,ci,ci39490952,2021-02-13T00:11:34.391Z,"17km SSE of Lone Pine, CA",earthquake,0.19,0.83,,6,reviewed,ci,ci
2020-06-19T20:42:21.454Z,38.1698,-117.8345,6.5,4.9,ml,21,50.72,0.03,0.1765,nn,nn00750312,2020-08-30T00:00:52.040Z,"34 km SE of Mina, Nevada",earthquake,,0.9,0.22,13,reviewed,nn,nn
2020-06-08T03:24:05.884Z,38.2059,-117.7912,5.2,4.8,ml,32,32.66,0.041,0.174,nn,nn00744961,2020-08-18T17:59:04.040Z,"34 km SE of Mina, Nevada",earthquake,,1.1,0.46,9,reviewed,nn,nn
2020-06-04T01:32:11.140Z,35.6148333,-117.4281667,8.44,5.51,mw,85,45,0.0396,0.21,ci,ci39462536,2025-02-24T20:13:52.105Z,"17km S of Searles Valley, CA",earthquake,0.15,0.45,,6,reviewed,ci,ci
2020-05-22T00:22:00.588Z,38.2309,-117.7939,7.2,5.1,ml,31,47.16,0.092,0.1378,nn,nn00730721,2020-08-08T18:17:48.040Z,"32 km ESE of Mina, Nevada",earthquake,,1.4,0.44,11,reviewed,nn,nn
2020-05-20T12:36:53.447Z,38.2012,-117.7453,11.7,5,ml,20,49.32,0.128,0.1674,nn,nn00729332,2020-08-09T10:22:23.139Z,"38 km ESE of Mina, Nevada",earthquake,,1.3,0.1,4,reviewed,nn,nn
2020-05-19T22:12:45.639Z,38.1755,-117.8535,8.1,4.6,ml,23,47.6,0.091,0.1864,nn,nn00728819,2021-02-10T16:52:07.942Z,"32 km SE of Mina, Nevada",earthquake,,1.7,0.38,10,reviewed,nn,nn
2020-05-17T21:17:02.474Z,38.1749,-117.8028,10.4,4.7,ml,24,46.81,0.056,0.1201,nn,nn00727561,2021-02-10T16:19:28.315Z,"35 km SE of Mina, Nevada",earthquake,,0.8,0.14,7,reviewed,nn,nn
2020-05-17T11:53:53.336Z,38.15,-117.9553,9.6,4.5,ml,26,51.9,0.012,0.2003,nn,nn00727244,2021-02-10T18:37:20.105Z,"29 km SSE of Mina, Nevada",earthquake,,0.8,0.5,9,reviewed,nn,nn
2020-05-16T11:50:54.310Z,38.2118,-117.7347,16.8,4.6,ml,18,49.8,0.397,0.1743,nn,nn00726353,2021-02-10T17:41:27.152Z,"38 km ESE of Mina, Nevada",earthquake,,0.8,0.26,4,reviewed,nn,nn
2020-05-16T04:12:21.434Z,38.1313,-117.9756,5,4.6,ml,28,43.49,0.333,0.263,nn,nn00726009,2020-08-02T00:30:33.040Z,"31 km SSE of Mina, Nevada",earthquake,,1.4,0.46,10,reviewed,nn,nn
2020-05-15T17:50:16.941Z,38.173,-117.8295,5.8,4.7,ml,15,48.44,0.365,0.1766,nn,nn00725546,2021-04-23T20:19:13.254Z,"34 km SE of Mina, Nevada",earthquake,,3.5,0.28,7,reviewed,nn,nn
2020-05-15T15:23:24.676Z,38.1667,-117.8006,7.6,4.8,ml,14,46.65,0.385,0.1628,nn,nn00725454,2020-08-02T00:31:20.040Z,"36 km SE of Mina, Nevada",earthquake,,4.3,0.32,6,reviewed,nn,nn
2020-05-15T12:00:41.572Z,38.1667,-117.8104,6.3,4.5,ml,17,47.15,0.38,0.1735,nn,nn00725312,2020-08-02T00:31:39.040Z,"36 km SE of Mina, Nevada",earthquake,,2.8,0.33,9,reviewed,nn,nn
2020-05-15T11:52:07.184Z,38.1469,-117.9831,5.8,4.8,ml,17,43.51,0.316,0.1775,nn,nn00725306,2020-08-02T00:31:40.040Z,"29 km SSE of Mina, Nevada",earthquake,,2,0.4,8,reviewed,nn,nn
2020-05-15T11:26:01.747Z,38.1811,-117.8711,6.8,5.1,ml,18,49,0.337,0.2335,nn,nn00725291,2020-08-02T00:31:42.040Z,"31 km SE of Mina, Nevada",earthquake,,8.6,0.42,10,reviewed,nn,nn
2020-05-15T11:18:12.392Z,38.1596,-117.9598,3.8,4.9,ml,14,47.97,0.314,0.178,nn,nn00725284,2020-08-02T00:31:44.040Z,"28 km SSE of Mina, Nevada",earthquake,,4.3,0.43,6,reviewed,nn,nn
2020-05-15T11:03:27.176Z,38.1689,-117.8497,2.7,6.5,ml,27,55.79,0.357,0.2669,nn,nn00725272,2024-08-07T10:57:25.013Z,"Monte Cristo Range, NV Earthquake",earthquake,,2.1,,,reviewed,nn,nn
2020-04-11T16:22:50.940Z,38.0421667,-118.758,8.94,4.57,mw,62,89,0.2888,0.1,nc,nc73367575,2021-03-05T23:34:53.941Z,"29km SE of Bodie, CA",earthquake,0.19,1.08,,4,reviewed,nc,nc
2020-04-11T14:36:37.040Z,38.0525,-118.7333333,8.45,5.24,mw,46,97,0.268,0.06,nc,nc73367270,2022-03-28T03:36:16.858Z,"30km SE of Bodie, CA",earthquake,0.21,1.15,,4,reviewed,nc,nc
2020-04-04T01:53:18.920Z,33.4895,-116.5063333,10.45,4.87,mw,175,23,0.07088,0.22,ci,ci39126079,2025-04-19T11:50:27.637Z,"17km ESE of Anza, CA",earthquake,0.1,0.27,,6,reviewed,ci,ci
2020-03-21T01:33:35.369Z,39.1112,-119.7361,8.4,4.5,ml,31,28.07,0.029,0.1334,nn,nn00719663,2024-12-10T02:58:08.834Z,"5 km NE of Indian Hills, Nevada",earthquake,,1.2,0.38,5,reviewed,nn,nn
2020-01-25T03:03:34.920Z,35.0975,-116.9696667,3.07,4.62,mw,46,33,0.2228,0.14,ci,ci39281440,2024-10-14T20:45:23.960Z,"23km NNE of Barstow, CA",earthquake,0.14,0.66,,6,reviewed,ci,ci
2019-10-15T19:42:30.540Z,36.6455,-121.274,10.1,4.71,mw,89,54,0.04759,0.14,nc,nc73292360,2022-03-17T21:17:41.666Z,"17km SSE of Tres Pinos, CA",earthquake,0.15,0.31,,4,reviewed,nc,nc
2019-09-10T04:25:55.631Z,39.5419,-116.5599,9.1,4.6,ml,53,67.17,0.857,0.2275,nn,nn00703188,2019-12-05T18:30:53.040Z,"44 km E of Austin, Nevada",earthquake,,2.2,0.27,23,reviewed,nn,nn
2019-08-22T20:49:50.180Z,35.9076667,-117.709,4.93,4.89,mw,78,20,0.007928,0.2,ci,ci38996632,2021-10-07T19:18:11.160Z,"18km E of Little Lake, CA",earthquake,0.12,0.28,,6,reviewed,ci,ci
2019-07-26T00:42:47.770Z,35.9258333,-117.7066667,3.79,4.74,mw,79,23,0.05071,0.16,ci,ci38644943,2021-10-05T21:47:07.220Z,"18km E of Little Lake, CA",earthquake,0.1,0.28,,6,reviewed,ci,ci
2019-07-18T03:59:14.720Z,36.113,-117.8875,1.56,4.64,mw,78,54,0.02682,0.18,ci,ci38593535,2021-10-06T19:26:39.990Z,"9km NE of Coso Junction, CA",earthquake,0.12,0.26,,6,reviewed,ci,ci
2019-07-12T13:11:37.990Z,35.6368333,-117.5861667,9.48,4.9,mw,103,16,0.02027,0.16,ci,ci38548295,2021-08-16T20:18:35.990Z,"8km ENE of Ridgecrest, CA",earthquake,0.09,0.18,,6,reviewed,ci,ci
2019-07-11T00:14:37.320Z,36.1766667,-117.884,0.93,4.52,mw,71,51,0.06351,0.17,ci,ci38525207,2021-12-08T21:44:21.960Z,"16km NNE of Coso Junction, CA",earthquake,0.11,0.22,,6,reviewed,ci,ci
2019-07-07T05:38:15.480Z,35.7683333,-117.5781667,10.45,4.53,mw,77,44,0.04985,0.16,ci,ci38472279,2021-11-09T22:57:42.940Z,"16km W of Searles Valley, CA",earthquake,0.12,0.26,,6,reviewed,ci,ci
2019-07-06T23:50:41.990Z,35.8235,-117.663,6.51,4.5,mw,69,28,0.05379,0.14,ci,ci38469375,2019-09-26T14:30:48.040Z,"23km N of Ridgecrest, CA",earthquake,0.11,0.3,,6,reviewed,ci,ci
2019-07-06T13:06:55.260Z,35.9283333,-117.705,2.37,4.5,mw,64,34,0.04844,0.16,ci,ci38463551,2019-09-26T14:30:42.040Z,"18km E of Little Lake, CA",earthquake,0.12,0.21,,6,reviewed,ci,ci
2019-07-06T09:28:28.980Z,35.898,-117.7271667,3.95,4.89,mw,67,37,0.0896,0.16,ci,ci38460967,2019-09-26T14:30:38.040Z,"17km ESE of Little Lake, CA",earthquake,0.13,0.38,,6,reviewed,ci,ci
2019-07-06T08:32:57.550Z,35.639,-117.4913333,3.14,4.56,mw,83,24,0.05751,0.15,ci,ci38460311,2019-09-26T14:30:37.040Z,"16km SSW of Searles Valley, CA",earthquake,0.11,0.27,,6,reviewed,ci,ci
2019-07-06T06:01:51.800Z,35.911,-117.7385,4.99,4.63,mw,67,36,0.07482,0.14,ci,ci38458679,2019-11-15T18:54:44.787Z,"15km E of Little Lake, CA",earthquake,0.09,0.4,,4,reviewed,ci,ci
2019-07-06T04:36:55.310Z,35.9,-117.7376667,1.9,4.85,mw,62,35,0.08153,0.17,ci,ci38457967,2020-03-05T21:00:31.509Z,"16km ESE of Little Lake, CA",earthquake,0.13,0.21,,5,reviewed,ci,ci
2019-07-06T04:18:55.790Z,35.9101667,-117.6848333,7.41,5.44,mw,66,37,0.07213,0.17,ci,ci38457847,2021-12-10T23:08:47.080Z,"20km E of Little Lake, CA",earthquake,0.12,0.36,,6,reviewed,ci,ci
2019-07-06T04:13:07.080Z,35.5846667,-117.6145,9.73,4.8,mlr,62,32,0.1185,0.18,ci,ci38457815,2019-11-15T18:23:14.307Z,"7km SE of Ridgecrest, CA",earthquake,0.13,0.36,0.165,229,reviewed,ci,ci
2019-07-06T04:07:04.570Z,35.5551667,-117.5215,5.5,4.68,mlr,90,24,0.05757,0.23,ci,ci38457775,2020-03-02T22:19:38.728Z,"16km ESE of Ridgecrest, CA",earthquake,0.13,0.51,0.219,249,reviewed,ci,ci
2019-07-06T03:50:59.710Z,35.9035,-117.7001667,8.26,4.97,mlr,43,38,0.05997,0.17,ci,ci38457703,2019-11-15T18:09:02.473Z,"19km E of Little Lake, CA",earthquake,0.16,0.41,0.184,246,reviewed,ci,ci
2019-07-06T03:47:53.420Z,35.9011667,-117.7495,5.04,5.5,mw,49,33,0.07334,0.16,ci,ci38457687,2020-07-09T21:44:24.632Z,"15km ESE of Little Lake, CA",earthquake,0.13,0.5,,4,reviewed,ci,ci
2019-07-06T03:29:32.080Z,35.9028333,-117.7115,3.18,4.51,mlr,27,42,0.06696,0.15,ci,ci38457583,2019-11-15T17:37:47.310Z,"18km ESE of Little Lake, CA",earthquake,0.2,0.6,0.191,15,reviewed,ci,ci
2019-07-06T03:27:11.370Z,35.5303333,-117.4313333,3.83,4.57,mlr,7,119,0.05475,0.1,ci,ci37219564,2019-09-06T17:32:11.137Z,"24km ESE of Ridgecrest, CA",earthquake,0.31,0.41,0.05,2,reviewed,ci,ci
2019-07-06T03:27:07.010Z,35.9138333,-117.7258333,8,4.5,mlr,27,56,0.07004,0.18,ci,ci37219180,2019-09-26T14:30:30.040Z,"16km E of Little Lake, CA",earthquake,0.27,0.56,0.181,20,reviewed,ci,ci
2019-07-06T03:25:27.970Z,35.8606667,-117.6708333,10.32,4.61,mlr,37,43,0.07456,0.2,ci,ci37219172,2019-09-26T14:30:25.040Z,"23km ESE of Little Lake, CA",earthquake,0.22,0.39,0.126,30,reviewed,ci,ci
2019-07-06T03:23:50.720Z,35.8031667,-117.6178333,11.44,4.84,mlr,39,54,0.02074,0.23,ci,ci37219164,2019-11-15T17:26:02.971Z,"20km WNW of Searles Valley, CA",earthquake,0.26,0.53,0.174,52,reviewed,ci,ci
2019-07-06T03:23:19.870Z,35.861,-117.6778333,6.82,4.52,mlr,13,85,0.07937,0.24,ci,ci37219468,2019-08-08T22:10:14.040Z,"22km ESE of Little Lake, CA",earthquake,0.47,1.03,0.143,6,reviewed,ci,ci
2019-07-06T03:22:48.300Z,35.891,-117.7365,9.1,4.64,mlr,29,34,0.08543,0.16,ci,ci37219156,2019-11-15T17:17:41.338Z,"16km ESE of Little Lake, CA",earthquake,0.2,0.43,0.12,21,reviewed,ci,ci
2019-07-06T03:22:35.630Z,35.6166667,-117.4301667,9.35,4.73,mlr,7,180,0.03984,0.14,ci,ci37219500,2021-02-19T19:17:42.104Z,"17km S of Searles Valley, CA",earthquake,0.66,0.69,0.035,3,reviewed,ci,ci
2019-07-06T03:22:17.100Z,35.748,-117.5456667,3.9,4.55,mlr,22,70,0.07966,0.2,ci,ci37219484,2019-08-08T22:07:42.040Z,"13km W of Searles Valley, CA",earthquake,0.28,0.72,0.199,14,reviewed,ci,ci
2019-07-06T03:22:03.570Z,35.9216667,-117.729,8.17,4.64,mlr,21,52,0.06897,0.15,ci,ci38457519,2019-11-15T17:23:05.605Z,"16km E of Little Lake, CA",earthquake,0.25,0.54,0.148,13,reviewed,ci,ci
2019-07-06T03:20:41.140Z,35.9496667,-117.7376667,9.28,4.81,mlr,13,93,0.06493,0.09,ci,ci37222196,2019-08-15T20:09:34.004Z,"15km E of Little Lake, CA",earthquake,0.23,0.45,0.162,11,reviewed,ci,ci
2019-07-06T03:19:53.040Z,35.7695,-117.5993333,8,7.1,mw,77,43,0.04616,0.22,ci,ci38457511,2025-09-03T03:30:14.637Z,"Ridgecrest Earthquake Sequence",earthquake,0.19,31.61,0.028,126,reviewed,ci,ci
2019-07-06T03:16:32.480Z,35.7253333,-117.5535,0.88,4.97,mw,83,35,0.09705,0.19,ci,ci38457487,2020-04-05T23:26:37.030Z,"14km WSW of Searles Valley, CA",earthquake,0.13,0.31,,6,reviewed,ci,ci
2019-07-05T11:07:53.040Z,35.7603333,-117.575,6.95,5.37,mw,79,43,0.05824,0.2,ci,ci38450263,2020-07-14T17:30:09.310Z,"16km W of Searles Valley, CA",earthquake,0.13,0.36,,6,reviewed,ci,ci
2019-07-04T19:21:32.090Z,35.6715,-117.4788333,5.16,4.5,mw,79,24,0.08589,0.16,ci,ci38443871,2019-09-26T14:30:12.040Z,"13km SSW of Searles Valley, CA",earthquake,0.12,0.39,,4,reviewed,ci,ci
2019-07-04T18:56:06.420Z,35.716,-117.56,1.92,4.58,mw,82,36,0.1041,0.17,ci,ci38443719,2020-05-21T01:06:05.310Z,"15km NE of Ridgecrest, CA",earthquake,0.09,0.21,,6,reviewed,ci,ci
2019-07-04T18:39:44.440Z,35.6013333,-117.597,2.81,4.59,mw,48,39,0.1109,0.14,ci,ci38443607,2020-05-21T01:04:23.535Z,"7km ESE of Ridgecrest, CA",earthquake,0.13,0.43,,4,reviewed,ci,ci
2019-07-04T17:33:49.000Z,35.7053333,-117.5038333,10.5,6.4,mw,62,47,0.1233,0.16,ci,ci38443183,2025-05-20T01:31:52.957Z,"Ridgecrest Earthquake Sequence",earthquake,0.15,0.36,,6,reviewed,ci,ci
2018-04-05T19:29:16.220Z,33.8198333,-119.734,9.82,5.29,mw,88,132,0.1935,0.27,ci,ci37908735,2022-09-08T17:02:07.740Z,"31km SW of Santa Cruz Is. (E end), CA",earthquake,0.32,31.61,,6,reviewed,ci,ci
2017-11-13T19:31:29.050Z,36.6305,-121.2443333,6.31,4.58,mw,82,55,0.05988,0.11,nc,nc72923380,2021-07-09T19:36:22.069Z,"18 km SSE of Tres Pinos, California",earthquake,0.12,0.36,,6,reviewed,nc,nc
2016-12-28T09:13:47.243Z,38.3777,-118.8957,8.8,5.5,ml,33,48.58,0.129,0.2187,nn,nn00570744,2023-02-06T19:24:50.549Z,"28 km SW of Hawthorne, Nevada",earthquake,,2,0.26,18,reviewed,nn,nn
2016-12-28T08:22:12.208Z,38.3904,-118.8972,12.2,5.6,ml,43,42.44,0.123,0.1913,nn,nn00570710,2022-05-03T18:07:18.115Z,"28 km WSW of Hawthorne, Nevada",earthquake,,1.2,0.32,18,reviewed,nn,nn
2016-12-28T08:18:00.613Z,38.3755,-118.8989,11.3,5.6,ml,37,35.89,0.133,0.1599,nn,nn00570709,2022-05-03T18:07:32.651Z,"29 km SW of Hawthorne, Nevada",earthquake,,1,0.35,20,reviewed,nn,nn
2016-12-14T16:41:05.530Z,38.8221667,-122.8413333,1.48,5.01,mw,85,26,0.01351,0.06,nc,nc72737985,2022-05-03T18:04:44.943Z,"10 km W of Cobb, California",earthquake,0.08,0.1,,6,reviewed,nc,nc
2016-08-10T02:57:17.510Z,39.3293333,-122.8018333,14.45,5.09,mw,120,32,0.155,0.15,nc,nc72672610,2023-06-18T05:23:03.807Z,"20 km NNE of Upper Lake, California",earthquake,0.12,0.21,,6,reviewed,nc,nc
2016-07-07T23:40:45.777Z,38.6516,-118.7943,9.1,4.5,ml,28,50.51,0.196,0.1551,nn,nn00550904,2018-07-02T17:58:20.550Z,"3 km W of Walker Lake, Nevada",earthquake,,1.2,0.34,14,reviewed,nn,nn
2016-06-10T08:04:38.700Z,33.4315,-116.4426667,12.31,5.19,mw,143,18,0.09275,0.23,ci,ci37374687,2022-10-18T03:23:41.007Z,"20km NNW of Borrego Springs, CA",earthquake,0.13,0.34,,6,reviewed,ci,ci
2016-02-24T00:02:23.630Z,35.5423333,-119.3728333,22.14,4.87,mw,84,37,0.295,0.29,ci,ci37528064,2022-04-27T00:50:53.226Z,"6km SSW of Wasco, CA",earthquake,0.24,0.65,,6,reviewed,ci,ci
2016-02-16T23:04:26.910Z,37.2023333,-118.4035,15.06,4.77,mw,52,104,0.118,0.07,nc,nc72592670,2022-08-07T09:43:50.188Z,"8 km S of Wilkerson, California",earthquake,0.27,0.63,,6,reviewed,nc,nc
2015-02-14T02:28:56.228Z,37.1418,-117.2618,17,4.8,ml,19,54.03,0.168,0.1919,nn,nn00482627,2020-05-02T03:32:22.257Z,"51 km WNW of Beatty, Nevada",earthquake,,1.3,0.28,6,reviewed,nn,nn
2014-08-24T10:20:44.070Z,38.2151667,-122.3123333,11.12,6.02,mw,369,28,0.03604,0.18,nc,nc72282711,2024-10-18T00:15:54.204Z,"The 2014 South Napa, California Earthquake",earthquake,0.11,0.15,,0,reviewed,nc,nc
2014-07-05T16:59:34.090Z,34.2823333,-117.0266667,7.25,4.58,mw,188,32,,0.23,ci,ci15520985,2025-03-31T09:16:13.778Z,"11km NE of Running Springs, CA",earthquake,0.12,0.28,,6,reviewed,ci,ci
2014-03-29T04:09:42.170Z,33.9325,-117.9158333,5.09,5.1,mw,321,9,0.01443,0.24,ci,ci15481673,2025-05-20T01:14:43.320Z,"2km NW of Brea, CA",earthquake,0.1,0.21,,6,reviewed,ci,ci
2014-01-12T20:24:46.740Z,38.8135,-122.8161667,1.9,4.53,mw,103,25,0.01081,0.05,nc,nc72141176,2022-08-06T21:05:51.540Z,"8 km W of Cobb, California",earthquake,0.08,0.14,,10,reviewed,nc,nc
2013-05-29T14:38:03.410Z,34.4061667,-119.9198333,7.12,4.8,mw,37,63,,0.44,ci,ci15350729,2022-08-06T15:58:27.420Z,"6km W of Isla Vista, CA",earthquake,0.46,1.56,,6,reviewed,ci,ci
2013-05-24T08:02:19.510Z,40.1795,-121.0781667,3.65,4.86,ml,30,136,0.08539,0.09,nc,nc71997821,2023-05-20T14:18:43.860Z,"1km NNW of Canyondam, CA",earthquake,0.32,1.13,0.162,84,reviewed,nc,nc
2013-05-24T03:47:08.180Z,40.1918333,-121.0595,7.968,5.69,mw,32,69,0.08649,0.08,nc,nc71996906,2022-08-06T15:40:22.649Z,"2 km NNE of Canyondam, California",earthquake,0.26,0.68,,5,reviewed,nc,nc
2013-03-11T16:56:06.060Z,33.5008333,-116.4581667,10.943,4.7,mh,110,16,0.03525,0.22,ci,ci15296281,2022-08-06T14:16:28.267Z,"21km ESE of Anza, CA",earthquake,0.14,0.32,,0,reviewed,ci,ci
2013-02-13T00:10:14.393Z,38.0222,-118.0553,7.5,5.1,ml,29,81.88,0.206,0.1391,nn,nn00402688,2022-08-06T13:35:55.840Z,"39 km N of Dyer, Nevada",earthquake,,2.6,0.33,4,reviewed,nn,nn
2012-10-21T06:55:09.510Z,36.3096667,-120.856,8.619,5.29,mw,100,68,0.06126,0.13,nc,nc71863625,2022-08-06T12:13:01.276Z,"24 km NE of San Lucas, California",earthquake,0.17,0.42,,5,reviewed,nc,nc
2012-09-25T15:15:09.890Z,39.1678333,-123.1658333,10.841,4.51,mw,92,30,0.1117,0.16,nc,nc71847715,2022-08-06T11:54:36.769Z,"3 km N of Talmage, California",earthquake,0.15,0.33,,6,reviewed,nc,nc
2011-10-27T06:37:09.340Z,39.6055,-120.4715,11.974,4.73,mw,30,56,0.01892,0.07,nc,nc71671056,2022-08-06T08:10:47.285Z,"3 km WSW of Sattley, California",earthquake,0.24,0.49,,9,reviewed,nc,nc
2011-10-01T07:07:00.547Z,38.8967,-118.7657,3.9,4.8,ml,26,103.47,0.329,0.1538,nn,nn00349954,2022-08-06T07:57:21.860Z,"7 km SSE of Schurz, Nevada",earthquake,,3.1,0.37,11,reviewed,nn,nn
2011-08-27T07:18:21.150Z,36.5843333,-121.1808333,7.5,4.64,mw,97,31,0.08108,0.08,nc,nc71627835,2022-08-06T07:38:12.113Z,"21 km NE of Soledad, California",earthquake,0.11,0.3,,5,reviewed,nc,nc
2011-04-17T00:45:37.080Z,38.3891,-118.7433,5.1,4.6,ml,33,56.28,0.295,0.1647,nn,nn00424006,2018-06-28T20:54:38.942Z,"18 km SW of Hawthorne, Nevada",earthquake,,3.4,0.29,8,reviewed,nn,nn
2011-01-12T08:51:03.680Z,36.7711667,-121.4963333,7.661,4.5,mw,134,35,0.01802,0.19,nc,nc71508850,2022-08-06T05:30:14.096Z,"9 km SSE of San Juan Bautista, California",earthquake,0.15,0.28,,16,reviewed,nc,nc
2010-07-07T23:53:33.480Z,33.4173333,-116.4746667,12.318,5.42,mw,112,19,0.09786,0.23,ci,ci10736069,2022-08-06T03:46:43.497Z,"20km NNW of Borrego Springs, CA",earthquake,0.16,0.35,,7,reviewed,ci,ci
